{"cameraMode":{"drawMode":0,"name":"Shaded","section":"Shading Mode"},"sceneLighting":true,"audioPlay":false,"sceneViewState":{"m_AlwaysRefresh":false,"showFog":true,"showSkybox":true,"showFlares":true,"showImageEffects":true,"showParticleSystems":true,"showVisualEffectGraphs":true,"m_FxEnabled":true},"in2DMode":false,"pivot":{"x":75.70985412597656,"y":10.852139472961426,"z":177.51290893554688},"rotation":{"x":-0.03228842839598656,"y":0.3746050000190735,"z":0.01218527089804411,"w":0.9267862439155579},"size":2.584360361099243,"orthographic":false}